sample_id,regulation_level,activity_intensity,frequency_per_week,monthly_drop_rate,tan_init,tan_final_6m,tan_reduction,tan_reduction_rate,regulation_cost_6m,activity_cost_6m,total_cost_6m,trajectory,objective_mode,age_group,activity_total
1,3,1,8,0.08,64.0,38.80672008601601,25.193279913983993,0.3936449986559999,780.0,576.0,1356.0,64.000;58.880;54.170;49.836;45.849;42.181;38.807,balanced,2,38.0
2,1,2,7,0.060000000000000005,58.0,40.01244730124799,17.987552698752012,0.3101302189440002,180.0,840.0,1020.0,58.000;54.520;51.249;48.174;45.283;42.566;40.012,balanced,1,40.0
3,2,2,7,0.08,59.0,35.774945079296,23.225054920703997,0.39364499865599994,480.0,840.0,1320.0,59.000;54.280;49.938;45.943;42.267;38.886;35.775,balanced,1,63.0
