sample_id,regulation_level,activity_intensity,frequency_per_week,monthly_drop_rate,tan_init,tan_final_6m,tan_reduction,tan_reduction_rate,regulation_cost_6m,activity_cost_6m,total_cost_6m,trajectory,age_group,activity_total
1,3,1,10,0.1,64.0,34.01222400000001,29.98777599999999,0.46855899999999984,780.0,720.0,1500.0,64.000;57.600;51.840;46.656;41.990;37.791;34.012,2,38.0
2,1,2,10,0.09,58.0,32.936416618378004,25.063583381621996,0.4321307479589999,180.0,1200.0,1380.0,58.000;52.780;48.030;43.707;39.773;36.194;32.936,1,40.0
3,2,2,10,0.11,59.0,29.321896166699002,29.678103833300998,0.5030187090389999,480.0,1200.0,1680.0,59.000;52.510;46.734;41.593;37.018;32.946;29.322,1,63.0
