scenario,budget_cap,drop_scale,n_patients,feasible_rate,mean_tan_reduction_rate,mean_total_cost_6m,median_total_cost_6m
baseline,2000.0,1.0,278,1.0,0.4636743302462374,1523.6546762589928,1500.0
budget_1600,1600.0,1.0,278,1.0,0.4346443935760611,1386.9064748201438,1500.0
budget_1800,1800.0,1.0,278,1.0,0.4498165673306366,1469.611510791367,1500.0
budget_2200,2200.0,1.0,278,1.0,0.46484617212310786,1532.1151079136691,1500.0
drop_x0.90,2000.0,0.9,278,1.0,0.42794577687963153,1523.6546762589928,1500.0
drop_x1.10,2000.0,1.1,278,1.0,0.4974208580079273,1523.6546762589928,1500.0
