experiment,n_features,val_auc,test_auc,val_pr_auc,test_pr_auc,val_brier,test_brier
full_model,22,1.0,1.0,1.0,0.9999999999999999,0.002573395539853404,0.002305855577660315
remove_core_lipids,18,1.0,1.0,0.9999999999999999,0.9999999999999999,0.005608257992259846,0.007560678082260248
remove_constitution,13,1.0,1.0,1.0,0.9999999999999999,0.0018687420582922103,0.0008909166853783847
remove_activity,21,1.0,1.0,1.0,1.0,0.002279693374382517,0.002023443723314493
remove_lipid_count,21,1.0,1.0,0.9999999999999999,0.9999999999999999,0.01158419926521232,0.011536397781403251
