{
  "val": {
    "ece": 0.07709574330868411,
    "mce": 0.2388933654427864,
    "n_bins_effective": 10
  },
  "test": {
    "ece": 0.12804197229153794,
    "mce": 0.3273964654089143,
    "n_bins_effective": 10
  },
  "note": "基于去血脂主轨模型A计算，ECE越低表示概率校准越好。"
}