{
  "val": {
    "ece": 0.01717705619934489,
    "mce": 0.08941157641246991,
    "n_bins_effective": 10
  },
  "test": {
    "ece": 0.01916553003517611,
    "mce": 0.10864104708403313,
    "n_bins_effective": 10
  },
  "note": "ECE越低表示概率校准越好；MCE反映最差分箱偏差。"
}