feature,importance
血尿酸,0.5015547487718449
性别,0.12696993050705233
空腹血糖,0.06579875640314903
BMI,0.03356129140613168
平和质,0.0316576961933128
气郁质,0.030176419244460545
特禀质,0.028922998198927474
痰湿质,0.026975929782614115
血瘀质,0.024809492035319482
气虚质,0.024425317733927938
阳虚质,0.022113971215356222
湿热质,0.020182454606658264
阴虚质,0.016799355425747904
年龄组,0.01674872443556969
活动量表总分（ADL总分+IADL总分）,0.01643476869622523
饮酒史,0.010734977120192555
吸烟史,0.0021331682235099514
