combo,sample_count,positive_rate,lift,risk_grade
TG>=1.7 & TC>=6.2,197,1.0,1.2610340479177036,高
痰湿积分>=60 & TG>=1.7,70,1.0,1.2610340479177036,高
BMI>=25 & TG>=1.7,67,1.0,1.2610340479177036,高
痰湿积分>=60 & 活动<40,26,0.8846153846153846,1.1155301193118146,中
痰湿体质(标签=5) & 活动<40,48,0.8125,1.024590163933134,中
痰湿积分>=60 & 年龄组>=3,91,0.7362637362637363,0.928453639675672,低
痰湿积分>=60 & BMI>=25,18,0.7222222222222222,0.9107468123850081,低
痰湿体质(标签=5) & BMI>=25,40,0.7,0.8827238335423925,低
