{
  "seed_range": [
    42,
    51
  ],
  "seed_repeat_rows": 10,
  "ablation_rows": 4,
  "main_track": "track_A_no_lipid",
  "track_A_features": 17,
  "track_B_features": 21,
  "seed_repeat_auc": {
    "test_auc_mean": 0.865979940363242,
    "test_auc_std": 0.029944826646710842,
    "test_auc_min": 0.8208186500406613,
    "test_auc_max": 0.9070208728652752
  },
  "seed_repeat_pr_auc": {
    "test_pr_auc_mean": 0.9646851163237231,
    "test_pr_auc_std": 0.009729554817916005,
    "test_pr_auc_min": 0.9464079661818451,
    "test_pr_auc_max": 0.9777154478298918
  },
  "seed_repeat_brier": {
    "test_brier_mean": 0.13314717537975246,
    "test_brier_std": 0.016918277314527382,
    "test_brier_min": 0.10720065514103702,
    "test_brier_max": 0.15586200457945543
  },
  "best_ablation": {
    "experiment": "track_B_with_lipid",
    "n_features": 21,
    "val_auc": 0.9737056112767688,
    "test_auc": 1.0,
    "val_pr_auc": 0.986531279178338,
    "test_pr_auc": 1.0,
    "val_brier": 0.006666666567907833,
    "test_brier": 0.005424384278885897
  },
  "calibration": {
    "val": {
      "ece": 0.07709574330868411,
      "mce": 0.2388933654427864,
      "n_bins_effective": 10
    },
    "test": {
      "ece": 0.12804197229153794,
      "mce": 0.3273964654089143,
      "n_bins_effective": 10
    },
    "note": "基于去血脂主轨模型A计算，ECE越低表示概率校准越好。"
  }
}