risk_level,sample_count,positive_count,positive_rate,mean_score
低风险,142,0,0.0,0.21358362442706733
中风险,748,683,0.9131016042780749,0.8843287304605749
高风险,110,110,1.0,0.9559437169608858
