risk_level,sample_count,positive_count,positive_rate,mean_score
低风险,23,0,0.0,0.5161505952229435
中风险,118,110,0.9322033898305084,0.8369972899707614
高风险,9,9,1.0,0.8935179075031683
