risk_level,sample_count,positive_count,positive_rate,mean_score
低风险,2,0,0.0,0.03341927026732416
中风险,104,75,0.7211538461538461,0.7344778283242263
高风险,44,44,1.0,0.994495069970199
