risk_level,sample_count,positive_count,positive_rate,mean_score
低风险,24,0,0.0,0.5030542873746044
中风险,103,96,0.9320388349514563,0.8804705873419123
高风险,23,23,1.0,0.8926754344193597
