risk_level,sample_count,positive_count,positive_rate,mean_score
低风险,33,18,0.5454545454545454,0.27540188427633666
中风险,98,83,0.8469387755102041,0.9244968618394183
高风险,19,18,0.9473684210526315,0.9994658122538926
