risk_level,sample_count,positive_count,positive_rate,mean_score
低风险,38,0,0.0,0.03248770770929829
中风险,676,514,0.7603550295857988,0.7632833400596759
高风险,286,279,0.9755244755244755,0.9729405046748417
