risk_level,sample_count,positive_count,positive_rate,mean_score
低风险,203,87,0.42857142857142855,0.2817958166473965
中风险,617,528,0.8557536466774717,0.93285035061115
高风险,180,178,0.9888888888888889,0.9994266217355949
