{
  "seed_repeat": {
    "seed_start": 42,
    "seed_count": 10,
    "val_auc_mean": 1.0,
    "val_auc_std": 0.0,
    "val_auc_min": 1.0,
    "val_auc_max": 1.0,
    "test_auc_mean": 1.0,
    "test_auc_std": 0.0,
    "test_auc_min": 1.0,
    "test_auc_max": 1.0,
    "val_pr_auc_mean": 1.0,
    "val_pr_auc_std": 3.510833468576701e-17,
    "val_pr_auc_min": 0.9999999999999999,
    "val_pr_auc_max": 1.0,
    "test_pr_auc_mean": 1.0,
    "test_pr_auc_std": 4.965068306494546e-17,
    "test_pr_auc_min": 0.9999999999999999,
    "test_pr_auc_max": 1.0,
    "val_brier_mean": 0.0021128691933125264,
    "val_brier_std": 0.000812138112819235,
    "val_brier_min": 0.0007261154455627177,
    "val_brier_max": 0.003025231547134351,
    "test_brier_mean": 0.0016878911159340637,
    "test_brier_std": 0.0003808020877775946,
    "test_brier_min": 0.0011155357661312535,
    "test_brier_max": 0.0023536812199466757
  },
  "ablation": {
    "full_model_test_auc": 1.0,
    "remove_core_lipids_test_auc": 1.0,
    "strict_no_homology_test_auc": 0.7972350230414745,
    "test_auc_drop_without_core_lipids": 0.0,
    "test_auc_drop_strict_no_homology": 0.20276497695852547,
    "table_file": "q2_ablation_results.csv"
  },
  "calibration": {
    "table_file": "q2_calibration_table.csv",
    "summary_file": "q2_calibration_summary.json",
    "val_ece": 0.01717705619934489,
    "test_ece": 0.01916553003517611,
    "val_mce": 0.08941157641246991,
    "test_mce": 0.10864104708403313
  },
  "tier_bootstrap_ci": {
    "table_file": "q2_tier_bootstrap_ci.csv",
    "bootstrap_n": 1000,
    "available": true
  },
  "conclusion_hint": "当AUC顶格时，应联合Brier、ECE与分层CI评估模型好坏。"
}