risk_level,sample_count,positive_count,positive_rate,mean_score
低风险,30,13,0.43333333333333335,0.32187830719475735
中风险,99,86,0.8686868686868687,0.9358269068482006
高风险,21,20,0.9523809523809523,0.9995283519541984
