risk_level,sample_count,positive_count,positive_rate,mean_score
低风险,6,0,0.0,0.05330214615197663
中风险,90,67,0.7444444444444445,0.753572249749214
高风险,54,52,0.9629629629629629,0.9655384976349817
