split,risk_level,sample_count,positive_rate,ci95_low,ci95_high,ci95_width,bootstrap_n
train,低风险,30,0.0,0.0,0.0,0.0,1000
train,中风险,482,0.7717842323651453,0.7323651452282157,0.8071058091286307,0.074740663900415,1000
train,高风险,188,0.973404255319149,0.9521276595744681,0.9946808510638298,0.04255319148936165,1000
val,低风险,2,0.0,0.0,0.0,0.0,1000
val,中风险,104,0.7211538461538461,0.6346153846153846,0.8076923076923077,0.17307692307692313,1000
val,高风险,44,1.0,1.0,1.0,0.0,1000
test,低风险,6,0.0,0.0,0.0,0.0,1000
test,中风险,90,0.7444444444444445,0.6555555555555556,0.8222222222222222,0.16666666666666663,1000
test,高风险,54,0.9629629629629629,0.9074074074074074,1.0,0.09259259259259256,1000
