split,risk_level,sample_count,positive_rate,ci95_low,ci95_high,ci95_width,bootstrap_n
train,低风险,95,0.0,0.0,0.0,0.0,1000
train,中风险,527,0.905123339658444,0.8804554079696395,0.9278937381404174,0.04743833017077792,1000
train,高风险,78,1.0,1.0,1.0,0.0,1000
val,低风险,24,0.0,0.0,0.0,0.0,1000
val,中风险,103,0.9320388349514563,0.883495145631068,0.9805825242718447,0.09708737864077666,1000
val,高风险,23,1.0,1.0,1.0,0.0,1000
test,低风险,23,0.0,0.0,0.0,0.0,1000
test,中风险,118,0.9322033898305084,0.8813559322033898,0.9745762711864406,0.09322033898305082,1000
test,高风险,9,1.0,1.0,1.0,0.0,1000
