feature,pearson_r_tan,pearson_p_tan,spearman_r_label,spearman_p_label,corr_selected,lasso_coef,lasso_selected,lasso_alpha,rf_importance,rf_selected,rf_importance_mean,votes,final_selected
TG（甘油三酯）,0.005674348019110077,0.8808734648280478,0.4742854714488153,1.5080686544341894e-40,True,4.48507481967152,True,0.026366508987303607,0.3603543579789127,True,0.12499999999999999,3,True
TC（总胆固醇）,-0.08290301618773152,0.02828835108940925,0.4409225398780826,1.164834866161241e-34,True,3.164127991342204,True,0.026366508987303607,0.3343060026640264,True,0.12499999999999999,3,True
血尿酸,-0.02206619640715387,0.5599981460069541,0.1998995659443709,9.643639631425564e-08,True,0.8579614417523145,True,0.026366508987303607,0.17274675731898614,True,0.12499999999999999,3,True
LDL-C（低密度脂蛋白）,-0.021843481404612838,0.5639663559292231,0.14848024871579513,8.037636527773618e-05,True,0.7991834593420751,True,0.026366508987303607,0.06733534105595936,False,0.12499999999999999,2,True
HDL-C（高密度脂蛋白）,0.030336857129068542,0.42290718140576156,-0.13870253211523229,0.0002323464382199687,True,-0.7764606015097117,True,0.026366508987303607,0.04131305710257431,False,0.12499999999999999,2,True
空腹血糖,-0.02975212037790709,0.4319059821941518,-0.054479678587042224,0.14989845606163352,False,-0.24367371845393143,True,0.026366508987303607,0.009591406564264864,False,0.12499999999999999,1,False
BMI,0.010681530749075555,0.7778593819773474,0.035246937795084456,0.35176613232241727,False,-0.22336115012573046,True,0.026366508987303607,0.007443314073539486,False,0.12499999999999999,1,False
活动量表总分（ADL总分+IADL总分）,0.041416853612259996,0.27382423902432995,0.03925939711459575,0.299619565551128,False,0.08335576833067863,True,0.026366508987303607,0.006909763241736649,False,0.12499999999999999,1,False
