model,val_auc,test_auc,val_pr_auc,test_pr_auc,val_brier,test_brier
Constitution Logistic,0.43128219029547304,0.36568175657359714,0.766736533298471,0.7423077876680206,0.16969844424019348,0.1743735704220257
Selected-feature Risk Model,0.9864461913797777,0.9793982108972621,0.9962583362054839,0.994353734277236,0.05418712043823565,0.06147237999993025
