feature,coef
TG（甘油三酯）,3.8651923240257364
TC（总胆固醇）,2.8044882806477203
血尿酸,0.7730683240262546
LDL-C（低密度脂蛋白）,0.7037775604638382
HDL-C（高密度脂蛋白）,-0.6986675621376842
