variable,vif
平和质,2.082896774245741
气虚质,3.2865813015604552
阳虚质,3.25238829878935
阴虚质,3.33293744449949
痰湿质,3.4716719809269794
湿热质,3.340217389602604
血瘀质,3.7083774161674103
气郁质,3.5215958392351294
特禀质,3.255165210516476
